person.key,person.name.last,person.name.first,entry.name
cleary-ump,Cleary,,#umpire
derr-ump,Derr,,#umpire
glatts-ump,Glats,,#umpire
glatts-ump,Glatts,,#umpire
glatts-ump,Glatts,J.,#umpire
hanks-hag,Hanks,,#umpire
hanks-hag,Haines,,#umpire
hanks.r-ump,Hanks,R.,#umpire
james-ump,James,,#umpire
lawrence-ump,Lawrence,,#umpire
mcatee-ump,McAtee,,#umpire
stratford-ump,Stradford,,#umpire
stratford-ump,Stratford,,#umpire
stratford-ump,Stafford,,#umpire
stratford-ump,Strafford,,#umpire
wagner-ump,Wagner,,#umpire
weimer-ump,Weimer,Dutch,#umpire
bitters-cha+get,Bitters,,Chambersburg
boyle-cha,Boyle,,Chambersburg
clay-cha+get,Clay,,Chambersburg
dorner-cha,Dorner,,Chambersburg
dunn-cha,Dunn,,Chambersburg
dunn-cha,Duren,,Chambersburg
dunn-cha,Durns,,Chambersburg
eilor-cha+han,Eiler,,Chambersburg
eilor-cha+han,Eilor,,Chambersburg
eilor-cha+han,Eyler,,Chambersburg
eilor-cha+han,Eglor,,Chambersburg
eilor-cha+han,Eylor,,Chambersburg
eue-cha,Eue,,Chambersburg
francis-cha,Francis,,Chambersburg
francis-cha,Frances,,Chambersburg
gray-cha,Gray,,Chambersburg
gray-cha,Gary,,Chambersburg
hanks-cha,Hanks,,Chambersburg
holbig-cha,Holbig,,Chambersburg
holbig-cha,Holhig,,Chambersburg
holbig-cha,Holib,,Chambersburg
holbig-cha,Hoebig,,Chambersburg
holbig-cha,Hobig,,Chambersburg
holbig-cha,Holweg,,Chambersburg
holbig-cha,Holvig,,Chambersburg
holbig-cha,Helbig,,Chambersburg
howe-cha,Howe,,Chambersburg
jacobs-get+cha,Jacobs,,Chambersburg
jamison-cha,Jamison,,Chambersburg
jamison-cha,Jameson,,Chambersburg
johnson-cha,Johnson,,Chambersburg
kalsey-cha,Kalsey,,Chambersburg
keefe-cha,Keef,,Chambersburg
keefe-cha,Keefe,,Chambersburg
keefe-cha,Keefer,,Chambersburg
keefe-cha,Keifer,,Chambersburg
keefe-cha,Keiffer,,Chambersburg
kleine-cha,Kline,,Chambersburg
kleine-cha,Klein,,Chambersburg
kleine-cha,Kleine,,Chambersburg
kleskie-cha,Kleskie,,Chambersburg
kleskie-cha,Kleiskie,,Chambersburg
kleskie-cha,Kloskey,,Chambersburg
lawrence-han+cha,Lawrence,,Chambersburg
lockhart-cha,Lockhart,,Chambersburg
masterson-cha,Masterson,,Chambersburg
masterson-cha,Mas'on,,Chambersburg
masterson-cha,Masterman,,Chambersburg
mcmillan-cha,McMillan,,Chambersburg
mecherly-cha,Mecherly,,Chambersburg
mellinger-cha,Mellinger,,Chambersburg
miller-get+cha,Miller,,Chambersburg
moore-cha,Moore,,Chambersburg
moseley-cha,Moseley,,Chambersburg
moseley-cha,Mosely,,Chambersburg
moseley-cha,Moserley,,Chambersburg
moseley-cha,Mosley,,Chambersburg
myers-cha,Myers,,Chambersburg
myers-cha,Meyers,,Chambersburg
philips-cha,Phillips,,Chambersburg
plitt-han+cha,Plitt,,Chambersburg
poune-cha,Paune,,Chambersburg
poune-cha,Poune,,Chambersburg
poune-cha,Pounce,,Chambersburg
poune-cha,Pounne,,Chambersburg
pugh-cha,Pugh,,Chambersburg
scherdell-cha,Scherdell,,Chambersburg
sharadan-cha,Sharadin,,Chambersburg
sharadan-cha,Sharidan,,Chambersburg
sharadan-cha,Sheridan,,Chambersburg
sharadan-cha,Sheradan,,Chambersburg
sharadan-cha,Sharadan,,Chambersburg
shoemaker-cha,Shoemaker,,Chambersburg
snavely-cha,Snavely,,Chambersburg
snavely-cha,Snaveley,,Chambersburg
snell-cha,Snell,,Chambersburg
snyder-cha,Snyder,,Chambersburg
steinbach-han+cha,Steinbach,,Chambersburg
steinbach-han+cha,Stinebach,,Chambersburg
stewart-cha,Stewart,,Chambersburg
strausbaugh-fre+cha,Strasbaugh,,Chambersburg
stricker-cha,Stricker,,Chambersburg
stricker-cha,Strickler,,Chambersburg
stroh.g-cha+han,Stroh,C.,Chambersburg
stroh.g-cha+han,Stroh,G.,Chambersburg
stroh.g-cha+han,Stroh,,Chambersburg
stroh.g-cha+han,Strogh,,Chambersburg
stroh.w-cha,Stroh,W.,Chambersburg
stroh.w-cha,Stroh,[W.],Chambersburg
traub-cha,Traub,,Chambersburg
yates-cha,Yates,,Chambersburg
agnew-fre,Agnew,,Frederick
agnew-fre,Agney,,Frederick
barnhart-fre,Barnhard,,Frederick
barnhart-fre,Barnhart,,Frederick
barnhart-fre,Barnh't,,Frederick
beall-fre,Beall,,Frederick
beck-fre,Beck,,Frederick
boyne-fre+get,Boyne,,Frederick
connolly-fre,Connolly,,Frederick
connolly-fre,Connelly,,Frederick
connolly-fre,Connel,,Frederick
eldridge-fre,Eldridge,,Frederick
goldstein-fre,Goldstein,,Frederick
hummel-fre,Hummel,,Frederick
kimball-fre,Kimball,,Frederick
king-fre,King,,Frederick
kling-fre,Kling,,Frederick
lamar-fre,Lamar,,Frederick
lamar-fre,Lemon,,Frederick
lewellyn-fre,Lewelly,,Frederick
lewellyn-fre,Lewellyn,,Frederick
lewellyn-fre,Llewellyn,,Frederick
lewellyn-fre,Llewelyn,,Frederick
malone-fre,Malone,,Frederick
meyers-fre,Myers,,Frederick
meyers-fre,Myers [Fre],,Frederick
morrison-fre,Morrison,,Frederick
morrison-fre,Morris'n,,Frederick
norton-fre+hag,Norton,,Frederick
norton-fre+hag,Morton,,Frederick
orrison-fre,Orrison,,Frederick
orrison-fre,Morrison [Orrison],,Frederick
peck-fre,Peck,,Frederick
porter-fre,Porter,,Frederick
statton-fre,Statton,,Frederick
stevens-fre,Stevens,,Frederick
stevens-fre,Stephens,,Frederick
stevens-fre.Stevens,B.,Frederick
stevens.c-fre,Stevens,C.,Frederick
strausbaugh-fre+cha,Strasbaugh,,Frederick
strausbaugh-fre+cha,Strasburg,,Frederick
strausbaugh-fre+cha,Strausb'h,,Frederick
strausbaugh-fre+cha,Strausbaugh,,Frederick
sweeney-fre,Sweeney,,Frederick
wade-fre,Wade,,Frederick
waite-fre,Waite,,Frederick
waite-fre,Wait,,Frederick
whalen-fre,Whalen,,Frederick
yingling-fre,Yingling,,Frederick
bashore-get,Bashore,,Gettysburg
bashore-get,Basore,,Gettysburg
bashore-get,Basehore,,Gettysburg
bashore-get,Basehoar,,Gettysburg
bigler-get,Bigler,,Gettysburg
bigler-get,Bigeler,,Gettysburg
bitters-cha+get,Bitters,,Gettysburg
boyne-fre+get,Boyne,,Gettysburg
bream-get,Bream,,Gettysburg
bream-get,Brean,,Gettysburg
burns-get,Burns,,Gettysburg
carroll-get,Carroll,,Gettysburg
clay-cha+get,Clay,,Gettysburg
diehl-get,Deal,,Gettysburg
diehl-get,Diehl,,Gettysburg
dove-mar+get,Dove,,Gettysburg
green-get,Green,,Gettysburg
greenwell-get,Greenwell,,Gettysburg
grove-get,Grove,,Gettysburg
hall-get,Hall,,Gettysburg
hart-get,Hart,,Gettysburg
herrell-hag+get,Herrell,,Gettysburg
herrell-hag+get,Herrel,,Gettysburg
herrell-hag+get,Howell,,Gettysburg
hill-get,Hill,,Gettysburg
hoar-get,Hoar,,Gettysburg
howard-get,Howard,,Gettysburg
jacobs-get+cha,Jacobs,,Gettysburg
jarosick-get,Jarewich,,Gettysburg
jarosick-get,Jarosick,,Gettysburg
jarosick-get,Jarosyk,,Gettysburg
jarosick-get,Jansick,,Gettysburg
jarosick-get,Jerosick,,Gettysburg
jarosick-get,Karosh,,Gettysburg
jones-get,Jones,,Gettysburg
kane-get,Kane,,Gettysburg
kane-get,Kone,,Gettysburg
kelly-get,Kelley,,Gettysburg
kelly-get,Kelly,,Gettysburg
kelly-get,Kelley [Get],,Gettysburg
kelly-get,Kelly [Get],,Gettysburg
lower-get,Lower,,Gettysburg
mahaffie-get,McHaffle,,Gettysburg
mahaffie-get,Mahaffie,,Gettysburg
mahaffie-get,Mehaffie,,Gettysburg
mahaffie-get,Mehaffle,,Gettysburg
mahaffie-get,Marh'ka,,Gettysburg
mcdevitt-get,McDevitt,,Gettysburg
mcmillan-get,McMillan,,Gettysburg
menchey-get,Menche,,Gettysburg
menchey-get,Menchey,,Gettysburg
miller-get+cha,Miller,,Gettysburg
newton-get,Newton,,Gettysburg
oyler-get,Oyler,,Gettysburg
oyler-get,Tyler,,Gettysburg
oyler-get,Ohler,,Gettysburg
plank-get,Plank,,Gettysburg
reeder-get,Reeder,,Gettysburg
reiff-get+han,Reiff,,Gettysburg
reiff-get+han,Ruff,,Gettysburg
rice-get,Rice,,Gettysburg
rowe-get,Rowe,,Gettysburg
rudolph-get,Rudolph,,Gettysburg
seasholtz-get,Seasholtz,,Gettysburg
stair-get,Stair,,Gettysburg
stover-get+han,Stover,,Gettysburg
sutton-get,Sutton,,Gettysburg
swartz-get,Swartz,,Gettysburg
weimer-get,Weimer,,Gettysburg
williams-get,Williams,,Gettysburg
barton-hag,Barton,,Hagerstown
barton-hag,Borton,,Hagerstown
blunt-hag,Blunt,,Hagerstown
boyd-hag,Boyd,,Hagerstown
cook-hag,Cook,,Hagerstown
cotter-hag,Colter,,Hagerstown
cotter-hag,Cotter,,Hagerstown
cotter-hag,Carter,,Hagerstown
coyle-han+hag,Coyle,,Hagerstown
daley-hag,Daley,,Hagerstown
dean-hag,Dean,,Hagerstown
doeppe-hag,Doeppe,,Hagerstown
doeppe-hag,Dioppe,,Hagerstown
doeppe-hag,Deoppe,,Hagerstown
doeppe-hag,Duppie,,Hagerstown
dolan-hag,Dolan,,Hagerstown
fox-hag,Fox,,Hagerstown
freeney-hag,Freeney,,Hagerstown
freeney-hag,Freeny,,Hagerstown
freeney-hag,Freney,,Hagerstown
fuhrey-hag,Fuhrey,,Hagerstown
fuhrey-hag,Furry,,Hagerstown
fuhrey-hag,Furhy,,Hagerstown
fuhrey-hag,Fury,,Hagerstown
goble-hag,Goble,,Hagerstown
goble-hag,Gobel,,Hagerstown
hanks-hag,Hanks,,Hagerstown
harpster-hag,Harpster,,Hagerstown
heavener-hag,Hevener,,Hagerstown
heavener-hag,Heavner,,Hagerstown
heavener-hag,Havner,,Hagerstown
heavener-hag,Heavener,,Hagerstown
herrell-hag+get,Herrel,,Hagerstown
herrell-hag+get,Herrell,,Hagerstown
herrell-hag+get,Harroll,,Hagerstown
hooker-hag,Hooker,,Hagerstown
hooker-hag,Hooper,,Hagerstown
jocks-hag,Jocks,,Hagerstown
jocks-hag,Jacks,,Hagerstown
johnson-han+hag,Johnson,,Hagerstown
johnson-han+hag,Johnson [Hag],,Hagerstown
kelly-hag,Kelly,,Hagerstown
kelly-hag,Kelley,,Hagerstown
laughlin-hag,Laughlin,,Hagerstown
laughlin-hag,Laughman,,Hagerstown
long-hag,Long,,Hagerstown
mccleary-hag,McCleary,,Hagerstown
miller-han+hag,Miller,,Hagerstown
milliman-hag,Milliman,,Hagerstown
norton-fre+hag,Norton,,Hagerstown
pearson-hag,Pearson,,Hagerstown
pinetree-hag,Pinetree,,Hagerstown
pinetree-hag,Pine Tree,,Hagerstown
revener-hag,Revener,,Hagerstown
settan-mar+hag,Settan,,Hagerstown
sharp-hag,Sharp,,Hagerstown
sharp-hag,Sharpe,,Hagerstown
smith-hag,Smith,,Hagerstown
smuck-hag,Smuck,,Hagerstown
swallow-hag,Swallow,,Hagerstown
trotter-hag,Trotter,,Hagerstown
troy-hag,Troy,,Hagerstown
walters-hag,Walters,,Hagerstown
walters-hag,Walter,,Hagerstown
welcher-hag,Welcher,,Hagerstown
williams-hag,Williams,,Hagerstown
bitters-han,Bitters,,Hanover
bunting-han,Bunting,,Hanover
clunk-han,Clank,,Hanover
clunk-han,Clunk,,Hanover
coyle-han+hag,Coyle,,Hanover
coyle-han+hag,Coile,,Hanover
crawford-han,Cradford,,Hanover
crawford-han,Crawford,,Hanover
eilor-cha+han,Eiler,,Hanover
eilor-cha+han,Eilor,,Hanover
eline-han,Eline,,Hanover
gorham-han,Gorham,,Hanover
grotey-han,Gotey,,Hanover
grotey-han,Grotey,,Hanover
grotey-han,Grotsey,,Hanover
grotey-han,Drotey,,Hanover
hagey-han,Hagey,,Hanover
hall-han,Hall,,Hanover
herman-han,Herman,,Hanover
herr-han,Herr,,Hanover
hershey-han,Hershey,,Hanover
hoke-han,Hoke,,Hanover
hostetter-han,Hostetter,,Hanover
hostetter-han,Hostet'r,,Hanover
hostetter-han,Host'r,,Hanover
howe-han,Howe,,Hanover
johnson-han+hag,Johnson,,Hanover
johnson-han+hag,Johnson,W.,Hanover
kunkle-han,Kunkle,,Hanover
kunkle-han,Kunkel,,Hanover
kunkle-han,Klunke,,Hanover
lawrence-han+cha,Lawrence,,Hanover
mackert-han,Mackert,,Hanover
mackert-han,Macker,P.,Hanover
merchant-han,Merchant,,Hanover
miller-han+hag,Miller,,Hanover
myers-han,Myers,,Hanover
myers-han,Meyers,,Hanover
plank-han,Plank,,Hanover
plitt-han+cha,Plitt,,Hanover
pownall-han,Pownall,,Hanover
pownall-han,Pounall,,Hanover
raab-han,Raab,,Hanover
reiff-get+han,Reiff,,Hanover
sherdel-han,Scherdel,,Hanover
sherdel-han,Scherdell,,Hanover
sherdel-han,Sherdel,,Hanover
sherman-han,Sherman,,Hanover
sherman-han,Sheriman,,Hanover
smallwood-han,Smallwood,,Hanover
smith-han,Smith,,Hanover
starr-han,Starr,,Hanover
steinbach-han+cha,Steinbach,,Hanover
steinbach-han+cha,Steinbaugh,,Hanover
steinbach-han+cha,Steinb'h,,Hanover
stover-get+han,Stover,,Hanover
stroh.g-cha+han,Stroh,,Hanover
traub-han+mar,Traub,,Hanover
ziser-han,Ziser,,Hanover
bauer-mar,Bauer,,Martinsburg
bauer-mar,Bower,,Martinsburg
clark-mar,Clark,,Martinsburg
clark-mar,Clarke,,Martinsburg
davis-mar,Davis,,Martinsburg
donnelly-mar,Donnelly,,Martinsburg
donnelly-mar,Donnolly,,Martinsburg
donnelly-mar,Donnely,,Martinsburg
donnelly-mar,Donelly,,Martinsburg
donnelly-mar,Donnoly,,Martinsburg
donnelly-mar,Donoly,,Martinsburg
douglas-mar,Douglas,,Martinsburg
douglas-mar,Douglass,,Martinsburg
douglas-mar,Dougless,,Martinsburg
dove-mar+get,Bove,,Martinsburg
dove-mar+get,Dove,,Martinsburg
durborow-mar,Burborrow,,Martinsburg
durborow-mar,Durbarrow,,Martinsburg
durborow-mar,Durborow,,Martinsburg
durborow-mar,Durborrow,,Martinsburg
durborow-mar,Durboraw,,Martinsburg
durborow-mar,Durblow,,Martinsburg
durborow-mar,Durbarow,,Martinsburg
durborow-mar,Dur'row,,Martinsburg
hager-mar,Hagar,,Martinsburg
hager-mar,Hager,,Martinsburg
hayes-mar,Hayes,,Martinsburg
hoffecker-mar,Hoeffecker,,Martinsburg
hoffecker-mar,Hoffacker,,Martinsburg
hoffecker-mar,Hoffaker,,Martinsburg
hoffecker-mar,Hoffecker,,Martinsburg
hoffecker-mar,Hoffoecker,,Martinsburg
hoffecker-mar,Hoefacker,,Martinsburg
johnson.g-mar,Johnson,,Martinsburg
johnson.g-mar,G. Johnson,,Martinsburg
keener-mar,Keener,,Martinsburg
kelley-mar,Kelly,,Martinsburg
kelley-mar,Kelley,,Martinsburg
kelley-mar,Kelly [Mar],,Martinsburg
kelley-mar,Kelley [Mar],,Martinsburg
kelley-mar,Kellly,,Martinsburg
long-mar,Long,,Martinsburg
long-mar,Lang,,Martinsburg
mccarthy-mar,McCarty,,Martinsburg
mccarthy-mar,McCarthy,,Martinsburg
morris-mar,Morris,,Martinsburg
mumford-mar,Mumford,,Martinsburg
mumford-mar,Mumfort,,Martinsburg
pearson-mar,Pearson,,Martinsburg
rawlings-mar,Rawling,,Martinsburg
rawlings-mar,Rawlings,,Martinsburg
rawlings-mar,Ra'lings,,Martinsburg
rawlings-mar,Rawlins,,Martinsburg
schaufele-mar,Schanfle,,Martinsburg
schaufele-mar,Schaufele,,Martinsburg
schaufele-mar,Schauffle,,Martinsburg
schaufele-mar,Schaufle,,Martinsburg
settan-mar+hag,Setan,,Martinsburg
settan-mar+hag,Settan,,Martinsburg
settan-mar+hag,Setten,,Martinsburg
settan-mar+hag,Setton,,Martinsburg
settan-mar+hag,Sutton,,Martinsburg
settan-mar+hag,Seytan,,Martinsburg
shipley-mar,Shipley,,Martinsburg
thompson-mar,Thompson,,Martinsburg
thompson-mar,Knode,,Martinsburg
thornetti-mar,Thornet,,Martinsburg
thornetti-mar,Thornetti,,Martinsburg
tomkins-mar,Tomkins,,Martinsburg
traub-han+mar,Traub,,Martinsburg
westenhaver-mar,Westerhaver,,Martinsburg
westenhaver-mar,Westenhaver,,Martinsburg
zachary-mar,Zachary,,Martinsburg
zachary-mar,Zachery,,Martinsburg
zachary-mar,Zackary,,Martinsburg
zachary-mar,Zackery,,Martinsburg
